100,AFG
101,AGO
102,AIA
103,ALB
104,AND
105,ARE
106,ARG
107,ARM
108,ATG
109,AUS
110,AUT
111,AZE
112,BDI
113,BEL
114,BEN
115,BFA
116,BGD
117,BGR
118,BHR
119,BHS
120,BIH
121,BLR
122,BLZ
123,BMU
124,BOL
125,BRA
126,BRB
127,BRN
128,BTN
129,BWA
130,CAF
131,CAN
132,CHE
133,CHL
134,CHN
135,CIV
136,CMR
137,COD
138,COG
139,COL
140,COM
141,CPV
142,CRI
143,CUB
144,CYM
145,CYP
146,CZE
147,DEU
148,DJI
149,DMA
150,DNK
151,DOM
152,DZA
153,ECU
154,EGY
155,ERI
156,ESP
157,EST
158,ETH
159,FIN
160,FJI
161,FLK
162,FRA
163,FRO
164,FSM
165,GAB
166,GBR
167,GEO
168,GGY
169,GHA
170,GIB
171,GIN
172,GMB
173,GNB
174,GNQ
175,GRC
176,GRD
177,GRL
178,GTM
179,GUY
180,HKG
181,HND
182,HRV
183,HTI
184,HUN
185,IDN
186,IMN
187,IND
188,IRL
189,IRN
190,IRQ
191,ISL
192,ISR
193,ITA
194,JAM
195,JEY
196,JOR
197,JPN
198,KAZ
199,KEN
200,KGZ
201,KHM
202,KNA
203,KOR
204,KWT
205,LAO
206,LBN
207,LBR
208,LBY
209,LCA
210,LIE
211,LKA
212,LSO
213,LTU
214,LUX
215,LVA
216,MAC
217,MAR
218,MCO
219,MDA
220,MDG
221,MDV
222,MEX
223,MHL
224,MKD
225,MLI
226,MLT
227,MMR
228,MNE
229,MNG
230,MOZ
231,MRT
232,MSR
233,MUS
234,MWI
235,MYS
236,NAM
237,NER
238,NGA
239,NIC
240,NLD
241,NOR
242,NPL
243,NZL
244,OMN
245,OWID_AFR
246,OWID_ASI
247,OWID_CYN
248,OWID_EUN
249,OWID_EUR
250,OWID_INT
251,OWID_KOS
252,OWID_NAM
253,OWID_OCE
254,OWID_SAM
255,OWID_WRL
256,PAK
257,PAN
258,PER
259,PHL
260,PNG
261,POL
262,PRT
263,PRY
264,PSE
265,QAT
266,ROU
267,RUS
268,RWA
269,SAU
270,SDN
271,SEN
272,SGP
273,SHN
274,SLB
275,SLE
276,SLV
277,SMR
278,SOM
279,SRB
280,SSD
281,STP
282,SUR
283,SVK
284,SVN
285,SWE
286,SWZ
287,SYC
288,SYR
289,TCA
290,TCD
291,TGO
292,THA
293,TJK
294,TLS
295,TTO
296,TUN
297,TUR
298,TWN
299,TZA
300,UGA
301,UKR
302,URY
303,USA
304,UZB
305,VAT
306,VCT
307,VEN
308,VNM
309,VUT
310,WSM
311,YEM
312,ZAF
313,ZMB
314,ZWE
